Old ID;New ID
4026;1
1693;2
1689;3
1681;4
1665;5
1661;6
128;7
1501;8
1497;9
1493;10
132;11
68;12
136;13
72;14
846;15
76;16
974;17
80;18
850;19
922;20
986;21
26;22
160;23
930;24
866;25
2505;26
4052;27
40;28
882;29
112;30
247;31
886;32
950;33
118;34
2515;35
2535;36
3024;37
2496;38
4010;39
4036;40
4037;41
4034;42
3053;43
1688;44
1684;45
1664;46
1660;47
1504;48
1500;49
1496;50
1492;51
4031;52
3113;53
2988;54
3002;55
4047;56
4041;57
3056;58
1699;59
1694;60
1687;61
1686;62
1682;63
1663;64
1662;65
1659;66
1658;67
2969;68
2962;69
1503;70
1502;71
1499;72
1495;73
1494;74
1491;75
1490;76
1486;77
1483;78
1482;79
2490;80
2551;81
2992;82
671;83
689;84
576;85
3032;86
3034;87
3139;88
4043;89
3124;90
3036;91
2586;92
3115;93
646;94
3099;95
572;96
718;97
3086;98
716;99
717;100
682;101
2970;102
580;103
3137;104
610;105
4030;106
597;107
4000;108
2561;109
3135;110
622;111
621;112
2955;113
3128;114
3006;115
561;116
2979;117
614;118
659;119
3126;120
675;121
715;122
673;123
676;124
677;125
582;126
583;127
695;128
654;129
2993;130
2961;131
3017;132
2481;133
2546;134
2960;135
3047;136
3054;137
592;138
595;139
319;140
961;141
897;142
3029;143
3031;144
565;145
562;146
568;147
708;148
254;149
3074;150
829;151
509;152
189;153
959;154
895;155
3071;156
601;157
650;158
3007;159
2982;160
764;161
444;162
124;163
3079;164
4032;165
379;166
633;167
630;168
957;169
59;170
634;171
3132;172
589;173
3106;174
314;175
3120;176
703;177
249;178
660;179
955;180
891;181
661;182
662;183
3094;184
575;185
824;186
504;187
3103;188
184;189
3048;190
4017;191
759;192
439;193
645;194
953;195
889;196
644;197
596;198
374;199
54;200
4025;201
2491;202
625;203
3130;204
309;205
951;206
887;207
244;208
3005;209
819;210
499;211
179;212
949;213
885;214
608;215
658;216
2531;217
3043;218
4033;219
754;220
434;221
604;222
114;223
2620;224
2500;225
2560;226
369;227
947;228
49;229
3125;230
3118;231
570;232
304;233
239;234
945;235
881;236
637;237
636;238
3040;239
814;240
494;241
3092;242
174;243
749;244
692;245
429;246
690;247
1007;248
2565;249
109;250
879;251
691;252
571;253
364;254
44;255
618;256
628;257
3121;258
626;259
617;260
2968;261
299;262
679;263
697;264
681;265
941;266
877;267
613;268
678;269
680;270
554;271
234;272
809;273
489;274
169;275
939;276
875;277
3138;278
893;279
4051;280
574;281
3088;282
4024;283
3055;284
744;285
424;286
104;287
359;288
1001;289
937;290
873;291
4006;292
3016;293
294;294
549;295
229;296
2976;297
935;298
871;299
713;300
804;301
712;302
484;303
711;304
164;305
870;306
739;307
419;308
99;309
869;310
2956;311
354;312
34;313
3123;314
289;315
995;316
669;317
931;318
867;319
544;320
224;321
719;322
3090;323
799;324
479;325
993;326
929;327
865;328
2963;329
3127;330
734;331
609;332
414;333
94;334
651;335
3100;336
349;337
991;338
927;339
29;340
284;341
656;342
539;343
219;344
989;345
925;346
861;347
794;348
474;349
154;350
3027;351
729;352
3080;353
409;354
987;355
89;356
859;357
4011;358
3000;359
3107;360
735;361
344;362
24;363
279;364
985;365
921;366
857;367
3087;368
892;369
896;370
534;371
214;372
789;373
2994;374
1808;375
469;376
3104;377
3075;378
149;379
919;380
855;381
3105;382
2995;383
638;384
404;385
84;386
339;387
981;388
917;389
19;390
2966;391
668;392
274;393
3108;394
3109;395
529;396
209;397
979;398
915;399
851;400
3119;401
784;402
464;403
3116;404
2516;405
144;406
2967;407
4027;408
399;409
977;410
913;411
849;412
2670;413
334;414
14;415
707;416
706;417
704;418
269;419
975;420
911;421
847;422
524;423
204;424
779;425
459;426
139;427
909;428
845;429
3083;430
721;431
394;432
74;433
329;434
971;435
907;436
843;437
4008;438
264;439
884;440
4040;441
3097;442
519;443
199;444
969;445
905;446
841;447
2977;448
774;449
454;450
4044;451
134;452
389;453
967;454
903;455
839;456
4046;457
4;458
324;459
259;460
965;461
901;462
837;463
834;464
514;465
194;466
3004;467
769;468
449;469
129;470
899;471
835;472
2959;473
384;474
64;475
2555;476
2550;477
2556;478
4014;479
2536;480
883;481
119;482
3058;483
4050;484
2625;485
2486;486
2530;487
2525;488
2540;489
2521;490
4042;491
2485;492
2506;493
2526;494
559;495
2476;496
657;497
2549;498
699;499
1581;500
1573;501
1569;502
1565;503
1557;504
1553;505
1525;506
1509;507
1505;508
4048;509
200;510
3063;511
336;512
2996;513
4012;514
39;515
2671;516
586;517
943;518
3069;519
3046;520
4029;521
2557;522
1580;523
1572;524
1568;525
1556;526
1552;527
1524;528
1512;529
1508;530
2529;531
700;532
652;533
593;534
102;535
1924;536
101;537
2527;538
603;539
1582;540
1575;541
1574;542
1571;543
1570;544
1559;545
1558;546
1555;547
1526;548
1518;549
1511;550
1510;551
1507;552
1506;553
2487;554
880;555
672;556
607;557
577;558
920;559
984;560
688;561
2587;562
3033;563
4018;564
3133;565
2983;566
2985;567
3068;568
3039;569
798;570
2497;571
3134;572
4009;573
611;574
10;575
598;576
3011;577
629;578
627;579
3131;580
932;581
3122;582
683;583
940;584
876;585
684;586
573;587
585;588
3010;589
852;590
980;591
3003;592
4020;593
924;594
495;595
591;596
623;597
620;598
698;599
3077;600
2975;601
2504;602
3065;603
3057;604
159;605
863;606
2986;607
670;608
674;609
714;610
3038;611
983;612
606;613
605;614
2517;615
653;616
2999;617
4035;618
3009;619
2493;620
3042;621
4001;622
3136;623
831;624
767;625
511;626
447;627
383;628
255;629
191;630
127;631
63;632
2513;633
647;634
569;635
563;636
567;637
560;638
3030;639
564;640
566;641
602;642
830;643
766;644
510;645
446;646
382;647
933;648
318;649
190;650
960;651
62;652
2965;653
765;654
3064;655
445;656
381;657
317;658
253;659
125;660
61;661
3013;662
923;663
828;664
3045;665
3044;666
508;667
380;668
316;669
252;670
188;671
958;672
60;673
827;674
763;675
507;676
443;677
315;678
631;679
251;680
635;681
187;682
123;683
632;684
826;685
762;686
506;687
442;688
378;689
250;690
186;691
956;692
58;693
701;694
702;695
825;696
761;697
505;698
441;699
377;700
313;701
185;702
121;703
665;704
57;705
666;706
3072;707
4019;708
760;709
440;710
3110;711
376;712
312;713
248;714
954;715
56;716
823;717
503;718
375;719
311;720
643;721
642;722
183;723
55;724
641;725
2973;726
3085;727
2522;728
3041;729
3084;730
2508;731
3014;732
822;733
758;734
502;735
599;736
438;737
420;738
310;739
246;740
182;741
952;742
888;743
2974;744
821;745
757;746
501;747
437;748
373;749
245;750
181;751
117;752
53;753
578;754
3078;755
820;756
756;757
500;758
436;759
372;760
308;761
180;762
116;763
52;764
4049;765
755;766
435;767
371;768
307;769
243;770
115;771
51;772
588;773
3081;774
663;775
2562;776
4003;777
687;778
818;779
685;780
498;781
370;782
306;783
242;784
178;785
948;786
50;787
2547;788
2507;789
2558;790
2534;791
2538;792
2532;793
2548;794
817;795
753;796
497;797
433;798
305;799
241;800
177;801
113;802
2972;803
655;804
2009;805
816;806
752;807
496;808
432;809
368;810
240;811
176;812
946;813
48;814
3112;815
3082;816
815;817
751;818
431;819
367;820
303;821
175;822
111;823
47;824
3114;825
4005;826
750;827
430;828
366;829
302;830
238;831
944;832
46;833
2563;834
2990;835
813;836
557;837
493;838
45;839
649;840
365;841
301;842
237;843
173;844
693;845
694;846
2528;847
2512;848
812;849
748;850
556;851
492;852
428;853
300;854
236;855
172;856
108;857
878;858
615;859
616;860
619;861
2478;862
811;863
747;864
555;865
686;866
491;867
427;868
363;869
612;870
235;871
171;872
107;873
43;874
696;875
3096;876
810;877
746;878
490;879
426;880
362;881
298;882
170;883
106;884
42;885
664;886
745;887
553;888
425;889
361;890
297;891
233;892
3001;893
105;894
41;895
3098;896
4045;897
2964;898
808;899
552;900
2514;901
488;902
360;903
296;904
232;905
168;906
938;907
874;908
807;909
743;910
551;911
487;912
423;913
295;914
231;915
167;916
2989;917
4013;918
3102;919
3066;920
806;921
742;922
550;923
486;924
422;925
358;926
230;927
166;928
936;929
872;930
624;931
805;932
741;933
485;934
2997;935
421;936
357;937
293;938
165;939
37;940
3111;941
590;942
709;943
710;944
740;945
548;946
356;947
292;948
228;949
100;950
2958;951
581;952
803;953
547;954
483;955
355;956
291;957
227;958
163;959
35;960
3117;961
2523;962
2672;963
79;964
2479;965
802;966
738;967
546;968
482;969
418;970
290;971
226;972
162;973
98;974
868;975
3051;976
801;977
737;978
545;979
481;980
417;981
353;982
225;983
161;984
97;985
33;986
3059;987
800;988
736;989
480;990
416;991
352;992
288;993
994;994
96;995
32;996
720;997
543;998
415;999
351;1000
287;1001
223;1002
95;1003
31;1004
2981;1005
542;1006
478;1007
350;1008
286;1009
222;1010
992;1011
928;1012
864;1013
963;1014
4004;1015
797;1016
733;1017
541;1018
477;1019
413;1020
69;1021
285;1022
221;1023
157;1024
93;1025
796;1026
732;1027
540;1028
476;1029
412;1030
348;1031
853;1032
220;1033
990;1034
92;1035
862;1036
594;1037
795;1038
731;1039
3129;1040
475;1041
411;1042
347;1043
283;1044
155;1045
91;1046
27;1047
730;1048
538;1049
410;1050
346;1051
282;1052
218;1053
988;1054
90;1055
860;1056
3025;1057
3028;1058
3035;1059
3093;1060
3026;1061
793;1062
537;1063
473;1064
345;1065
281;1066
3076;1067
217;1068
153;1069
25;1070
9;1071
792;1072
728;1073
103;1074
536;1075
472;1076
408;1077
280;1078
216;1079
152;1080
88;1081
858;1082
2978;1083
791;1084
727;1085
535;1086
471;1087
407;1088
343;1089
215;1090
151;1091
87;1092
23;1093
3073;1094
790;1095
726;1096
470;1097
406;1098
342;1099
278;1100
150;1101
86;1102
856;1103
533;1104
405;1105
341;1106
277;1107
213;1108
85;1109
21;1110
4007;1111
639;1112
640;1113
648;1114
788;1115
532;1116
468;1117
3091;1118
340;1119
276;1120
212;1121
982;1122
918;1123
20;1124
2991;1125
787;1126
531;1127
467;1128
403;1129
275;1130
211;1131
147;1132
83;1133
2987;1134
587;1135
667;1136
3015;1137
786;1138
3052;1139
530;1140
466;1141
402;1142
338;1143
210;1144
146;1145
82;1146
18;1147
900;1148
836;1149
785;1150
465;1151
401;1152
337;1153
273;1154
145;1155
81;1156
17;1157
840;1158
4023;1159
972;1160
584;1161
2008;1162
976;1163
528;1164
400;1165
272;1166
208;1167
978;1168
914;1169
16;1170
4053;1171
783;1172
527;1173
463;1174
335;1175
271;1176
3037;1177
207;1178
143;1179
15;1180
2552;1181
782;1182
526;1183
462;1184
398;1185
270;1186
206;1187
142;1188
912;1189
848;1190
705;1191
781;1192
525;1193
461;1194
397;1195
333;1196
205;1197
141;1198
77;1199
13;1200
780;1201
460;1202
3101;1203
396;1204
332;1205
268;1206
140;1207
910;1208
12;1209
523;1210
395;1211
331;1212
267;1213
203;1214
75;1215
11;1216
722;1217
724;1218
778;1219
725;1220
522;1221
723;1222
458;1223
330;1224
266;1225
202;1226
138;1227
908;1228
4038;1229
844;1230
3095;1231
2488;1232
777;1233
521;1234
457;1235
393;1236
265;1237
201;1238
137;1239
73;1240
3089;1241
776;1242
2518;1243
520;1244
456;1245
392;1246
328;1247
970;1248
906;1249
842;1250
775;1251
455;1252
391;1253
327;1254
263;1255
135;1256
71;1257
4028;1258
2519;1259
518;1260
390;1261
326;1262
262;1263
198;1264
968;1265
904;1266
7;1267
2954;1268
2998;1269
773;1270
517;1271
453;1272
325;1273
261;1274
197;1275
133;1276
5;1277
2543;1278
4016;1279
772;1280
516;1281
452;1282
388;1283
260;1284
196;1285
966;1286
902;1287
838;1288
771;1289
515;1290
451;1291
387;1292
323;1293
195;1294
131;1295
67;1296
3;1297
2494;1298
2971;1299
770;1300
450;1301
386;1302
322;1303
258;1304
964;1305
66;1306
2;1307
3067;1308
833;1309
513;1310
385;1311
321;1312
257;1313
193;1314
65;1315
1;1316
6;1317
832;1318
768;1319
512;1320
448;1321
320;1322
256;1323
192;1324
962;1325
898;1326
2669;1327
2639;1328
2665;1329
2483;1330
2980;1331
2553;1332
2537;1333
2564;1334
2524;1335
3062;1336
3012;1337
4022;1338
4039;1339
4015;1340
8;1341
579;1342
3060;1343
2554;1344
3061;1345
3070;1346
2023;1347
890;1348
120;1349
122;1350
2021;1351
600;1352
894;1353
3050;1354
2020;1355
126;1356
38;1357
4021;1358
110;1359
2015;1360
854;1361
148;1362
22;1363
2014;1364
156;1365
926;1366
28;1367
158;1368
30;1369
2013;1370
130;1371
2542;1372
36;1373
934;1374
2011;1375
70;1376
3049;1377
2539;1378
2010;1379
942;1380
78;1381
558;1382
1922;1383
1911;1384
1910;1385
1906;1386
1905;1387
1904;1388
1903;1389
